{
  "line1": [
    [1278.924072440256, -2, 808.0572355001736],
    [822.1623222596027, -2, 362.57774709440105],
    [477.9232701031873, -2, 7.784996961161141],
    [109.77587381991816, -2, -363.63379357161193],
    [-172.86484662703333, -2, -621.3941556855177],
    [-445.4195445817959, -2, -882.0821555589739],
    [-801.3234639188665, -1.9999999999997409, -1166.7290296576941]
  ],
  "line2": [
    [1134.5055630678555, -1.99999999999975, 921.834594821298],
    [1013.2770273265903, -1.9999999999997258, 813.2735289083929],
    [839.0427411434097, -2.0000000000001577, 710.7826632555274],
    [591.7778697428932, -2.000000000000132, 594.6060300033982],
    [447.100730608748, -2.000000000000123, 554.4937518701607],
    [373.84696034462075, -2.0000000000001195, 538.9538235419578],
    [287.1897278990339, -2.000000000000115, 517.1189071823937],
    [203.30540178680621, -2.0000000000001137, 512.8637696408574],
    [129.6779692673914, -2.0000000000001132, 509.6491800048198],
    [-51.64138777252077, -2.0000000000001137, 511.220498503155],
    [-104.9952669664122, -1.99999999999966, 517.3954891487888],
    [-253.38836037434316, -1.9999999999996647, 538.0936973844797],
    [-439.68899538455133, -1.9999999999996745, 581.5997353364519],
    [-546.0841482798874, -2.0000000000001372, 617.5017685521593],
    [-688.6992005973034, -2.0000000000001545, 696.3096589410718],
    [-733.4375474750607, -2.0000000000001603, 721.5259346501311],
    [-1020.1832078583794, -2.0000000000001985, 894.258280131399]
  ],
  "line3": [
    [742.3969181098498, -2.0000000000002114, 952.338742519677],
    [467.79003981684946, -1.9999999999999585, 837.0385639982717],
    [220.09182289332068, -2.000000000000173, 780.6074451514788],
    [-128.50764553661375, -2.0000000000001728, 778.0878638379851],
    [-460.47831532314416, -2.000000000000417, 853.4952876649884],
    [-808.288331025464, -2.0000000000004525, 1014.8525042506794]
  ],
  "line4": [
    [-1270.6905757421755, 0, -544.1492009375818],
    [-1254.1878532067603, 0, -534.3091547730014],
    [-786.7429499946154, -1.9999999999999878, -54.792570969490754],
    [-514.8379659234199, -2.0000000000005063, 231.85654449502894],
    [-237.1877643408614, -2.000000000000117, 525.5601003930445],
    [-168.84973269766152, -2.0000000000005724, 530.05735204859],
    [-113.10394987007396, -2.000000000000572, 528.2841369986945],
    [-99.55090479716341, -2.0000000000002034, 915.0264685897712]
  ],
  "line5": [
    [1183.3721291702007, -1.9999999999994658, -1382.0511249201832],
    [-970.5579032306232, -1.9999999999999218, 672.4347988088405]
  ],
  "line6": [
    [798.4002462247739, -2.000000000000282, 1270.0533500081171],
    [1291.1943930229068, -2.0000000000001745, 786.7165584899028],
    [1743.2869208183674, -2.000000000000077, 345.72038982912545],
    [2433.484631081272, -1.9999999999994662, -356.27359952128273]
  ],
  "line7": [
    [-9.05654041657067, -1.9999999999996785, -1448.3401807406171],
    [607.9130794523942, -1.9999999999998155, -831.0668815969423],
    [1548.1303015226924, -2.000000000000041, 184.53896987282428],
    [2085.3859557666037, -2.000000000000163, 734.439660633022]
  ],
  "line8": [
    [495.3883493887108, -2.0000000000001275, 574.3627650608823],
    [1238.1368794980517, -1.9999999999999702, -134.45511586295243],
    [1923.772788824223, -1.9999999999995945, -801.5324355197047]
  ],
  "line9": [
    [-1089.360895184113, -1.9999999999997984, -907.7478205825292],
    [-276.1374422085456, -1.9999999999999958, -19.390923646639976],
    [-104.29810521847435, -2.000000000000034, 153.65938070079704],
    [-108.29810521847435, -2.000000000000034, 153.65938070079704],
    [-114.14873657194917, -2.0000000000000324, 166.45684788193998],

    [-115.95299245331114, -2.0000000000002003, 902.6222684409674]
  ]
}
